mimiminion,National Science Centre,92.72 km away,2024-05-27
mimiminion,Biomedical Museum,142.54 km away,2024-05-28
TanChinPeng,National Science Centre,78.82 km away,2024-06-02
Adamtan09,National Science Centre,78.82 km away,2024-06-03
shino2004,Tech Dome Penang,216.52 km away,2024-06-01
shino2004,National Science Centre,78.82 km away,2024-06-04
shino2004,Biomedical Museum,144.59 km away,2024-06-05
shino2004,Petrosains Science Discovery Centre,265.74 km away,2024-06-07
shino2004,Biomedical Museum,144.59 km away,2024-06-07
shino2004,Penang Science Cluster,226.69 km away,2024-06-07
shino2004,Marine Aquarium and Museum,362.81 km away,2024-06-07
